{"trips": {
    "date": "February 17, 2019",
    "time": "09:03PM",
    "driver": "Thomas",
    "service": "UberX",
    "vehicle": "Toyota Vitz",
    "placard": "KCR551P",
    "start": "-1.2387389,36.772533",
    "end": "-1.2596918,36.80401",
    "phone": "254722445534",
    "riders": "1"
}, {
    "date": "February 18, 2019",
    "time": "06:32AM",
    "driver": "Patrick",
    "service": "UberX",
    "vehicle": "Toyota Corolla Fielder",
    "placard": "KCN398S",
    "start": "-1.2595373,36.80405",
    "end": "-1.2381604,36.77219",
    "phone": "254721341233",
    "riders": "1"
}, {
    "date": "February 20, 2019",
    "time": "08:41PM",
    "driver": "Reuben",
    "service": "UberX",
    "vehicle": "Toyota Vitz",
    "placard": "KCQ674D",
    "start": "-1.2381604,36.77219",
    "end": "-1.2596918,36.80401",
    "phone": "254724545381",
    "riders": "1"
}, {
    "date": "February 21, 2019",
    "time": "01:32AM",
    "driver": "James",
    "service": "UberX",
    "vehicle": "Toyota Ractis",
    "placard": "KCL 710R",
    "start": "-1.2596079,36.804153",
    "end": "-1.2381604,36.77219",
    "phone": "254722370503",
    "riders": "1"
}, {
    "date": "February 24, 2019",
    "time": "09:20PM",
    "driver": "Samuel",
    "service": "UberX",
    "vehicle": "Toyota Ractis",
    "placard": "KCJ 671S",
    "start": "-1.2383451,36.772186",
    "end": "-1.2596918,36.80401",
    "phone": "254722890670",
    "riders": "1"
}, {
    "date": "February 25, 2019",
    "time": "06:58AM",
    "driver": "Peter",
    "service": "UberX",
    "vehicle": "Toyota Porte",
    "placard": "KCL536T",
    "start": "-1.259534,36.804104",
    "end": "-1.2381604,36.77219",
    "phone": "254726542221",
    "riders": "1"
}, {
    "date": "February 25, 2019",
    "time": "09:15PM",
    "driver": "Lazarus",
    "service": "UberX",
    "vehicle": "Toyota Passo",
    "placard": "KCQ751X",
    "start": "-1.2383412,36.772247",
    "end": "-1.2596918,36.80401",
    "phone": "254728299948",
    "riders": "1"
}, {
    "date": "February 26, 2019",
    "time": "07:17AM",
    "driver": "Yusuf",
    "service": "UberX",
    "vehicle": "Nissan March",
    "placard": "KCQ 515L",
    "start": "-1.2596079,36.804153",
    "end": "-1.2381604,36.77219",
    "phone": "254720984118",
    "riders": "1"
}, {
    "date": "February 26, 2019",
    "time": "08:30PM",
    "driver": "Gitonga",
    "service": "UberX",
    "vehicle": "Toyota Belta",
    "placard": "KCH563R",
    "start": "-1.2391232,36.772552",
    "end": "-1.2596918,36.80401",
    "phone": "254720224771",
    "riders": "1"
}, {
    "date": "February 27, 2019",
    "time": "08:51PM",
    "driver": "Gathu",
    "service": "UberX",
    "vehicle": "Nissan March",
    "placard": "KCQ 547K",
    "start": "-1.2384313,36.772232",
    "end": "-1.2596918,36.80401",
    "phone": "254723079223",
    "riders": "1"
}, {
    "date": "February 28, 2019",
    "time": "07:33AM",
    "driver": "John",
    "service": "UberX",
    "vehicle": "Toyota Passo",
    "placard": "KCM 932R",
    "start": "-1.2596079,36.804153",
    "end": "-1.2381604,36.77219",
    "phone": "254727763236",
    "riders": "1"
}, {
    "date": "February 28, 2019",
    "time": "10:57PM",
    "driver": "Daniel",
    "service": "UberX",
    "vehicle": "Toyota Corolla Axio",
    "placard": "KCH 046P",
    "start": "-1.2381189,36.772343",
    "end": "-1.2596918,36.80401",
    "phone": "254720449996",
    "riders": "1"
}, {
    "date": "March 1, 2019",
    "time": "05:45AM",
    "driver": "Simon",
    "service": "UberX",
    "vehicle": "Mitsubishi Colt",
    "placard": "KCP038G",
    "start": "-1.2595856,36.80414",
    "end": "-1.2381604,36.77219",
    "phone": "254725304566",
    "riders": "1"
}, {
    "date": "March 7, 2019",
    "time": "07:12AM",
    "driver": "Eric",
    "service": "UberX",
    "vehicle": "Mazda Demio",
    "placard": "KCT 523H",
    "start": "-1.2596079,36.804153",
    "end": "-1.2381604,36.77219",
    "phone": "254703115700",
    "riders": "1"
}, {
    "date": "March 7, 2019",
    "time": "09:05PM",
    "driver": "Benson",
    "service": "UberX",
    "vehicle": "Toyota Vitz",
    "placard": "KCQ 968H",
    "start": "-1.238424,36.772205",
    "end": "-1.2596918,36.80401",
    "phone": "254770824828",
    "riders": "1"
}, {
    "date": "March 8, 2019",
    "time": "08:20AM",
    "driver": "James",
    "service": "UberX",
    "vehicle": "Toyota Belta",
    "placard": "KCR642F",
    "start": "-1.2595397,36.80405",
    "end": "-1.2381604,36.77219",
    "phone": "254720346066",
    "riders": "1"
}, {
    "date": "March 13, 2019",
    "time": "10:16PM",
    "driver": "Mujanji",
    "service": "UberX",
    "vehicle": "Toyota Belta",
    "placard": "KCK 407V",
    "start": "-1.2381189,36.772343",
    "end": "-1.2596918,36.80401",
    "phone": "254795359194",
    "riders": "1"
}, {
    "date": "March 14, 2019",
    "time": "07:23AM",
    "driver": "Stephen",
    "service": "UberX",
    "vehicle": "Toyota Ractis",
    "placard": "KCG553V",
    "start": "-1.2596079,36.804153",
    "end": "-1.2381604,36.77219",
    "phone": "254723168659",
    "riders": "1"
}, {
    "date": "March 15, 2019",
    "time": "07:30AM",
    "driver": "Joseph",
    "service": "UberX",
    "vehicle": "Toyota Ractis",
    "placard": "KCL940L",
    "start": "-1.2595292,36.804134",
    "end": "-1.2381604,36.77219",
    "phone": "254727232733",
    "riders": "1"
}, {
    "date": "March 17, 2019",
    "time": "09:24PM",
    "driver": "Sammy",
    "service": "UberX",
    "vehicle": "Honda Fit",
    "placard": "KCQ633X",
    "start": "-1.2386194,36.77214",
    "end": "-1.2596918,36.80401",
    "phone": "254725050320",
    "riders": "1"
}, {
    "date": "March 18, 2019",
    "time": "07:26AM",
    "driver": "Paul",
    "service": "UberX",
    "vehicle": "Suzuki Swift",
    "placard": "KCS288H",
    "start": "-1.2609634,36.802048",
    "end": "-1.2381604,36.77219",
    "phone": "254726160408",
    "riders": "1"
}, {
    "date": "March 18, 2019",
    "time": "09:28PM",
    "driver": "Sammy",
    "service": "UberX",
    "vehicle": "Honda Fit",
    "placard": "KCQ633X",
    "start": "-1.2381189,36.772343",
    "end": "-1.2596918,36.80401",
    "phone": "254725050320",
    "riders": "1"
}, {
    "date": "March 19, 2019",
    "time": "07:33AM",
    "driver": "Benson",
    "service": "UberX",
    "vehicle": "Suzuki Swift",
    "placard": "KCS 314Q",
    "start": "-1.2596079,36.804153",
    "end": "-1.2381604,36.77219",
    "phone": "254773903815",
    "riders": "1"
}, {
    "date": "March 19, 2019",
    "time": "10:09PM",
    "driver": "Antony",
    "service": "UberX",
    "vehicle": "Toyota Corolla Fielder",
    "placard": "KCN845Y",
    "start": "-1.2381189,36.772343",
    "end": "-1.2596918,36.80401",
    "phone": "254743031420",
    "riders": "1"
}, {
    "date": "March 20, 2019",
    "time": "08:04AM",
    "driver": "Eric",
    "service": "UberX",
    "vehicle": "Mazda Demio",
    "placard": "KCT 523H",
    "start": "-1.2596079,36.804153",
    "end": "-1.2381604,36.77219",
    "phone": "254703115700",
    "riders": "1"
}, {
    "date": "March 20, 2019",
    "time": "09:32PM",
    "driver": "Patrick",
    "service": "UberX",
    "vehicle": "Mazda Demio",
    "placard": "KCQ504P",
    "start": "-1.2381189,36.772343",
    "end": "-1.2596918,36.80401",
    "phone": "254722776607",
    "riders": "1"
}, {
    "date": "March 21, 2019",
    "time": "07:15AM",
    "driver": "Mengo",
    "service": "UberX",
    "vehicle": "Honda Insight",
    "placard": "KCT 244D",
    "start": "-1.2596079,36.804153",
    "end": "-1.2381604,36.77219",
    "phone": "254777346307",
    "riders": "1"
}, {
    "date": "March 21, 2019",
    "time": "09:59PM",
    "driver": "Nelson",
    "service": "UberX",
    "vehicle": "Toyota Passo",
    "placard": "KCQ527B",
    "start": "-1.2381189,36.772343",
    "end": "-1.2596918,36.80401",
    "phone": "254795341592",
    "riders": "1"
}, {
    "date": "March 22, 2019",
    "time": "07:44AM",
    "driver": "Christophe",
    "service": "UberX",
    "vehicle": "Honda Fit",
    "placard": "KCM320K",
    "start": "-1.2596079,36.804153",
    "end": "-1.2381604,36.77219",
    "phone": "254720203887",
    "riders": "1"
}, {
    "date": "March 27, 2019",
    "time": "09:31PM",
    "driver": "Joel",
    "service": "UberX",
    "vehicle": "Toyota Vitz",
    "placard": "KCS 026C",
    "start": "-1.2381189,36.772343",
    "end": "-1.2596918,36.80401",
    "phone": "254719582878",
    "riders": "1"
}, {
    "date": "March 28, 2019",
    "time": "05:59AM",
    "driver": "Bernard",
    "service": "UberX",
    "vehicle": "Toyota Prius",
    "placard": "KCM034Q",
    "start": "-1.2596079,36.804153",
    "end": "-1.2381604,36.77219",
    "phone": "254722744453",
    "riders": "1"
}, {
    "date": "April 1, 2019",
    "time": "03:11AM",
    "driver": "David",
    "service": "UberX",
    "vehicle": "Honda Fit",
    "placard": "KCP 615C",
    "start": "-1.2381189,36.772343",
    "end": "-1.2596918,36.80401",
    "phone": "254726773242",
    "riders": "1"
}, {
    "date": "April 1, 2019",
    "time": "07:50AM",
    "driver": "Robert",
    "service": "UberX",
    "vehicle": "Toyota Passo",
    "placard": "KCK971P",
    "start": "-1.2596079,36.804153",
    "end": "-1.2381604,36.77219",
    "phone": "254722995317",
    "riders": "1"
}, {
    "date": "April 2, 2019",
    "time": "10:14PM",
    "driver": "Warren",
    "service": "UberX",
    "vehicle": "Nissan March",
    "placard": "KCK914V",
    "start": "-1.2383955,36.77229",
    "end": "-1.2653413,36.80858",
    "phone": "254720637542",
    "riders": "1"
}, {
    "date": "April 3, 2019",
    "time": "07:41AM",
    "driver": "Collins",
    "service": "Chapchap",
    "vehicle": "Suzuki Alto",
    "placard": "KCS625Y",
    "start": "-1.2652237,36.808456",
    "end": "-1.2381604,36.77219",
    "phone": "254759849760",
    "riders": "1"
}, {
    "date": "April 3, 2019",
    "time": "09:57PM",
    "driver": "Silas",
    "service": "UberX",
    "vehicle": "Toyota Corolla Fielder",
    "placard": "KCL 227C",
    "start": "-1.2383586,36.772263",
    "end": "-1.2653413,36.80858",
    "phone": "254726216945",
    "riders": "1"
}, {
    "date": "April 4, 2019",
    "time": "08:07AM",
    "driver": "Stellah",
    "service": "UberX",
    "vehicle": "Toyota Vitz",
    "placard": "KCS 748V",
    "start": "-1.2653298,36.808582",
    "end": "-1.2381604,36.77219",
    "phone": "254702812166",
    "riders": "1"
}, {
    "date": "April 4, 2019",
    "time": "10:11PM",
    "driver": "Collins",
    "service": "UberX",
    "vehicle": "Toyota WISH",
    "placard": "KCG 950W",
    "start": "-1.2383592,36.772285",
    "end": "-1.2596918,36.80401",
    "phone": "254721357361",
    "riders": "1"
}, {
    "date": "April 5, 2019",
    "time": "07:15AM",
    "driver": "Robert",
    "service": "UberX",
    "vehicle": "Toyota Passo",
    "placard": "KCK971P",
    "start": "-1.2596079,36.804153",
    "end": "-1.2381604,36.77219",
    "phone": "254722995317",
    "riders": "1"
}, {
    "date": "April 7, 2019",
    "time": "10:17PM",
    "driver": "Edward",
    "service": "UberX",
    "vehicle": "Honda Fit",
    "placard": "KCM116F",
    "start": "-1.2388123,36.77253",
    "end": "-1.2596918,36.80401",
    "phone": "254705417196",
    "riders": "1"
}, {
    "date": "April 8, 2019",
    "time": "07:38AM",
    "driver": "Rapson",
    "service": "UberX",
    "vehicle": "Toyota Sienna",
    "placard": "KCH 177Y",
    "start": "-1.2596079,36.804153",
    "end": "-1.2381604,36.77219",
    "phone": "254715593692",
    "riders": "1"
}, {
    "date": "April 9, 2019",
    "time": "07:57AM",
    "driver": "Julius",
    "service": "UberX",
    "vehicle": "Nissan March",
    "placard": "KCR 465B",
    "start": "-1.2596079,36.804153",
    "end": "-1.2381604,36.77219",
    "phone": "254721223927",
    "riders": "1"
}, {
    "date": "April 11, 2019",
    "time": "10:58AM",
    "driver": "Rahab",
    "service": "UberX",
    "vehicle": "Renault Kwid",
    "placard": "KCM540A",
    "start": "-1.2390516,36.772552",
    "end": "-1.3306,36.9249",
    "phone": "254722822725",
    "riders": "1"
}, {
    "date": "April 15, 2019",
    "time": "01:02AM",
    "driver": "Brian",
    "service": "Garage UberX",
    "vehicle": "Hyundai Sonata",
    "placard": "8HHX862",
    "start": "37.61662,-122.38622",
    "end": "37.809647,-122.25338",
    "phone": "16507535445",
    "riders": "1"
}, {
    "date": "April 17, 2019",
    "time": "07:09AM",
    "driver": "Adam",
    "service": "Express Pool",
    "vehicle": "Ford Focus",
    "placard": "8JRZ649",
    "start": "37.80882,-122.25366",
    "end": "37.776463,-122.41395",
    "phone": "16507535442",
    "riders": "1"
}, {
    "date": "April 21, 2019",
    "time": "04:11PM",
    "driver": "Sulaiman",
    "service": "Express Pool",
    "vehicle": "Hyundai Elantra",
    "placard": "8JYY384",
    "start": "37.85124,-122.28604",
    "end": "37.86534,-122.25632",
    "phone": "16286003359",
    "riders": "1"
}, {
    "date": "April 21, 2019",
    "time": "09:25PM",
    "driver": "Sukhwinder",
    "service": "Express Pool",
    "vehicle": "Kia Optima",
    "placard": "7ZBE944",
    "start": "37.85362,-122.26964",
    "end": "37.809647,-122.25338",
    "phone": "16504498045",
    "riders": "1"
}, {
    "date": "April 22, 2019",
    "time": "07:19AM",
    "driver": "Yagya",
    "service": "Express Pool",
    "vehicle": "Toyota Corolla",
    "placard": "AH23P95",
    "start": "37.80882,-122.25366",
    "end": "37.868534,-122.25914",
    "phone": "16286003407",
    "riders": "1"
}, {
    "date": "April 22, 2019",
    "time": "07:37PM",
    "driver": "Asa",
    "service": "Express Pool",
    "vehicle": "Toyota Camry",
    "placard": "7TSX229",
    "start": "37.86926,-122.25445",
    "end": "37.809647,-122.25338",
    "phone": "16507535238",
    "riders": "1"
}, {
    "date": "April 23, 2019",
    "time": "08:37AM",
    "driver": "Abraham",
    "service": "Express Pool",
    "vehicle": "Nissan Altima",
    "placard": "7ACA220",
    "start": "37.808704,-122.25368",
    "end": "37.875286,-122.25866",
    "phone": "16507535440",
    "riders": "1"
}, {
    "date": "April 23, 2019",
    "time": "06:59PM",
    "driver": "Jose",
    "service": "Express Pool",
    "vehicle": "Toyota Highlander",
    "placard": "7JDK335",
    "start": "37.865902,-122.25869",
    "end": "37.809635,-122.25385",
    "phone": "14152129677",
    "riders": "1"
}, {
    "date": "April 24, 2019",
    "time": "08:56AM",
    "driver": "Morufu",
    "service": "Express Pool",
    "vehicle": "Honda Accord",
    "placard": "6VGL655",
    "start": "37.809647,-122.25338",
    "end": "37.866375,-122.25742",
    "phone": "14158747762",
    "riders": "1"
}, {
    "date": "April 24, 2019",
    "time": "01:38PM",
    "driver": "(FRANCO) Francisco",
    "service": "Express Pool",
    "vehicle": "Toyota Prius",
    "placard": "7WXH839",
    "start": "37.868534,-122.25914",
    "end": "37.809647,-122.25338",
    "phone": "14152129655",
    "riders": "1"
}, {
    "date": "April 28, 2019",
    "time": "03:13PM",
    "driver": "Robert",
    "service": "UberX",
    "vehicle": "Toyota Corolla Axio",
    "placard": "KCH028V",
    "start": "-1.330311,36.924908",
    "end": "-1.2381822,36.772167",
    "phone": "254725814016",
    "riders": "1"
}, {
    "date": "April 29, 2019",
    "time": "06:49AM",
    "driver": "Kinyeru",
    "service": "UberX",
    "vehicle": "Toyota Passo",
    "placard": "KCR 210C",
    "start": "-1.2595425,36.80412",
    "end": "-1.2381604,36.77219",
    "phone": "254725509493",
    "riders": "1"
}, {
    "date": "April 30, 2019",
    "time": "08:32AM",
    "driver": "Isaac",
    "service": "UberX",
    "vehicle": "Toyota Belta",
    "placard": "KCJ 895W",
    "start": "-1.2613118,36.802055",
    "end": "-1.2381822,36.772167",
    "phone": "254790958996",
    "riders": "1"
}, {
    "date": "May 1, 2019",
    "time": "10:48PM",
    "driver": "Samuel",
    "service": "UberX",
    "vehicle": "Toyota Corolla Axio",
    "placard": "KCH 326W",
    "start": "-1.2390516,36.772552",
    "end": "-1.2596425,36.804043",
    "phone": "254724650124",
    "riders": "1"
}, {
    "date": "May 2, 2019",
    "time": "07:34AM",
    "driver": "Bernard",
    "service": "UberX",
    "vehicle": "Toyota Corolla Axio",
    "placard": "KCG317D",
    "start": "-1.2595425,36.80412",
    "end": "-1.2381822,36.772167",
    "phone": "254727489262",
    "riders": "1"
}, {
    "date": "May 2, 2019",
    "time": "10:29PM",
    "driver": "Patrick",
    "service": "UberX",
    "vehicle": "Honda Fit",
    "placard": "KCT294X",
    "start": "-1.2384574,36.77231",
    "end": "-1.2596425,36.804043",
    "phone": "254721475475",
    "riders": "1"
}, {
    "date": "May 3, 2019",
    "time": "06:14AM",
    "driver": "Samuel",
    "service": "UberX",
    "vehicle": "Honda Insight",
    "placard": "KCS286T",
    "start": "-1.2604252,36.80337",
    "end": "-1.2381822,36.772167",
    "phone": "254721301184",
    "riders": "1"
}, {
    "date": "May 5, 2019",
    "time": "09:06PM",
    "driver": "Njuguna",
    "service": "UberX",
    "vehicle": "Toyota Vitz",
    "placard": "KCS233J",
    "start": "-1.2387877,36.772457",
    "end": "-1.2601222,36.79681",
    "phone": "254701085466",
    "riders": "1"
}, {
    "date": "May 6, 2019",
    "time": "08:10AM",
    "driver": "Pauline",
    "service": "UberX",
    "vehicle": "Honda Fit",
    "placard": "KCQ579S",
    "start": "-1.2588652,36.805122",
    "end": "-1.2381822,36.772167",
    "phone": "254721374852",
    "riders": "1"
}, {
    "date": "May 6, 2019",
    "time": "10:26PM",
    "driver": "Irene",
    "service": "UberX",
    "vehicle": "Toyota Corolla Axio",
    "placard": "KCJ460S",
    "start": "-1.2386639,36.77251",
    "end": "-1.2596425,36.804043",
    "phone": "254786323998",
    "riders": "1"
}, {
    "date": "May 7, 2019",
    "time": "08:24AM",
    "driver": "George",
    "service": "UberX",
    "vehicle": "Toyota Corolla Axio",
    "placard": "KCJ 991D",
    "start": "-1.261757,36.801884",
    "end": "-1.2381822,36.772167",
    "phone": "254735464518",
    "riders": "1"
}}